fashion.up.hoodie, B00LWF5CSW
fashion.up.tanks.camisole tank, B00OUJYW3I
fashion.up.tanks.halter top, B00IV54ZI4
fashion.up.tanks.tube top, B01ANDGJTO
fashion.up.blazer.one button blazer, B01IU4O42W
fashion.up.blazer.lapel blazer, B014PBZRX4
fashion.up.blazer.zipper blazer,
fashion.up.vest.waistcoat, B00OOMC8NW
fashion.up.vest.sweater vest, B00FI3OPXC
fashion.up.vest.outdoor vest, B005U95OGQ
fashion.up.coat.jacket, B00J09Y24C
fashion.up.coat.wrap coat, B015HNYXXE
fashion.up.coat.cape coat, B015XQDN0O
fashion.up.coat.parka, B014851G64
fashion.up.coat.peacoat, B001KK4654
fashion.up.sweaters/knitwear.pullover sweater, B00H7VJS9Y
fashion.up.sweaters/knitwear.cardigan, B00EQT26AI
fashion.up.shirts.polo shirt, B00BIZ5T7A
fashion.up.shirts.henley shirt, B01CA6EV3S
fashion.up.shirts.t-shirt, B01CRGH9VM
fashion.up.shirts.camp shirt, B01E38EGPO
fashion.up.shirts.tunic, B00STT6A7G
fashion.up.shirts.nightshirt, B00JJ2S7AU
fashion.up.dress.a-line, B00XHITNIM
fashion.up.dress.apron, B00CQ5FCVO
fashion.up.dress.ball gown, B01E4YTW3I
fashion.up.dress.bodycon, B00J7EAS1Q
fashion.up.dress.caftan, B00ANBWGEO
fashion.up.dress.empire, B01DTLCWHU
fashion.up.dress.flapper, B00RCVLDPG
fashion.up.dress.halter dress, B00LEY2XMY
fashion.up.dress.maxi dress, B00B89LGFK
fashion.up.dress.peplum dress, B01GE3M1MQ
fashion.up.dress.sheath dress, B019EILBGA
fashion.up.dress.shift dress, B00S5OX3YS
fashion.up.dress.slip dress, B00TXOPXNI
fashion.up.dress.smock dress, B012ESAUA0
fashion.up.dress.sweetheart dress, B0083P36SM
fashion.up.dress.wrap dress, B00MOGMLUK
fashion.up.jumpsuit, B00MQWC5CG
fashion.up.romper, B01BVIQZVW
fashion.up.lingerie, B00YU3WFVK
fashion.bottom.trousers.pants.workout pant, B00SWGNZV0
fashion.bottom.trousers.pants.flat front pant, B00YE0NKWC
fashion.bottom.trousers.pants.lounge pant, B01BLAGGU0
fashion.bottom.trousers.pants.sweatpant, B00KJJNTK0
fashion.bottom.trousers.pants.jogger pant, B00OPU9246
fashion.bottom.trousers.pants.cargo pant, B00XFX5PKY
fashion.bottom.trousers.pants.chino, B01I14A7QI
fashion.bottom.trousers.pants.gaucho, B00PXYER8O
fashion.bottom.trousers.pants.legging, B00BGVIMNO
fashion.bottom.trousers.pants.harem pant, B00BPO2W24
fashion.bottom.trousers.jeans.bootcut jean, B000NWOAN8
fashion.bottom.trousers.jeans.flared jean, B00VM6JVLA
fashion.bottom.trousers.jeans.skinny jean, B00BUM0R7I
fashion.bottom.trousers.jeans.straight jean, B00DHCU0WG
fashion.bottom.trousers.jeans.tapered jean, B00J8RQFGY
fashion.bottom.skirts.ballerina skirt, B00V0DBL54
fashion.bottom.skirts.peasant skirt, B01H3EFSDO
fashion.bottom.skirts.bubble skirt, B015NIP8CS
fashion.bottom.skirts.pencil skirt, B00KQ2N5EU
fashion.bottom.skirts.slit skirt, B00X9OERFI
fashion.bottom.skirts.trumpet skirt, B00S0JIB5Y
fashion.bottom.skirts.pleat skirt, B003WYTMT6
fashion.bottom.skirts.layered skirt, B00OME2KA8
fashion.bottom.skirts.wrap skirt, B01IHATY38
fashion.bottom.skirts.asymmetrical skirt, B00FM7PGTQ
fashion.bottom.shorts.knee shorts, B01DC74HYW
fashion.bottom.shorts.hot shorts, B0158EKQ4W
fashion.others.glass, B00ADL7DB0
fashion.others.belt, B00BZX0JSY
fashion.others.sock, B00UMAU404
fashion.others.bra , B00B5AYA8W
fashion.others.underwear, B015RW0HGC
fashion.others.shoes.pump, B00AYDH45M
fashion.others.shoes.sandal, B00LM54M3S
fashion.others.shoes.boots, B00AEKWT8W
fashion.others.shoes.flats, B00BAPCM2S
fashion.others.shoes.sneaker, B00FF22D9Y
fashion.others.shoes.oxford, B00B50SNE4
fashion.others.shoes.slipper, B00X5A5UI4
fashion.others.shoes.active shoe, B01LW3QBS2
fashion.others.watch, B01A0QNET2
fashion.others.hat , B01C54M3D0
fashion.others.wallet, B00MQ86N32
fashion.others.bag , B00KBG6W3C
fashion.others.necktie, B00H1WS0K2
fashion.others.scarve, B00GT94KJS
